Name,Email,Phone,SSN,Address
Colleen White,kevin86@example.net,001-525-821-8752x7264,303-50-6482,"79706 Anderson Run Apt. 734
Huangmouth, OR 39864"
Kathleen Green,erika81@example.net,+1-351-426-8081x2092,643-51-1062,"7341 Rush Burg
West Rebeccaview, IN 83852"
John Hoover,amy19@example.net,824-438-9497,610-48-9371,"PSC 3750, Box 9961
APO AA 69728"
Dean Thomas,jsalazar@example.org,(285)415-2602x41758,281-53-2184,"84707 Brittany Circle
New Christopherville, VA 37406"
Jason Velazquez,johnjones@example.org,600-622-3027,006-08-9188,"92561 Stephen Lodge Suite 739
Lukefurt, MT 49412"
Ana Hall,michaelnichols@example.org,804.459.2136,757-11-5713,"282 Julia Views
East Bridget, NE 19163"
Lisa Simpson,lhamilton@example.com,001-380-731-9644,351-37-4808,"37944 Khan Square Apt. 989
Piercechester, SD 23732"
Deanna Campbell,christopher83@example.org,(909)474-0286x033,214-46-2294,"USNV Gibson
FPO AA 17903"
Daniel Wilkerson,parksdeborah@example.com,2725668094,406-41-3327,"93920 Mckenzie Station Suite 971
Edwardborough, KS 29338"
Jonathan Matthews,joseph33@example.net,001-633-305-9365,418-50-8300,"53124 Bonnie Port Apt. 952
Wendyville, WY 82013"
