id,description,notes
1,Reviewed the quarterly sales figures,All metrics met expectations
2,Tested the software module for performance,Results consistent with benchmark
3,Completed inventory check for Q2,No discrepancies found
4,Analyzed user engagement trends,Activity remained stable across segments
5,Evaluated supplier contract terms,Recommendations sent to procurement
6,Updated internal documentation,Added new section on compliance
7,Assessed risk exposure scenarios,Risk levels within tolerance
8,Compiled training materials for onboarding,Included updated process steps
9,Reviewed feedback from client survey,Majority responses were positive
10,Planned logistics for upcoming event,Venue and vendors confirmed
