value,label
536-14-0415,SSN
4007c57e6a53178a222a7f6cceb426380c62236e61e81b98d077b35de8c16b07,HASHED_PII
pstevens@hotmail.com,EMAIL
2003-07-04,DOB
"7065 Burgess Knolls, West Johnville, OR 96863",ADDRESS
1941-05-17,DOB
798-46-0473,SSN
838-425-1354,PHONE
272ab7aa64bd43eab7f0adad47af2daf8915f042176edfa076b4dd069cf73ba1,HASHED_PII
12,SAFE
26a90380711165a3b257410edc02f69d61b6b704cb5d2b0e6d84f479b3464dac,HASHED_PII
candice25@hotmail.com,EMAIL
2024,SAFE
295-77-5120,SSN
Employed,SAFE
060-61-8675,SSN
3449f18286a067854df52803ac8927f0199ea0f5a9af3114055be47cae871ce4,HASHED_PII
12,SAFE
2023-07-22,DOB
159-31-2663,SSN
595-13-8281,SSN
c5cdd070f147fe7478f4c30ba1a5a14899f3778128ce5d752525981edf9b95df,HASHED_PII
e7313eaa32cb2c11771b56b2727c5a5af242f3fd8b6559ce176407dc18c07f4a,HASHED_PII
001-119-148-5646,PHONE
562-328-5884x2474,PHONE
708-27-6724,SSN
1989-04-19,DOB
1916-05-08,DOB
"578 Cooper Port Suite 642, West Carlatown, WI 37323",ADDRESS
1949-04-16,DOB
No,SAFE
kellythompson@jones.com,EMAIL
"033 Nelson Club, Rachelshire, AZ 24009",ADDRESS
hunteileen@hoffman-wheeler.com,EMAIL
f63cdbd3b2cf0bdaf9edafdaac9d3f12fa8c950ab24a7533a0d3d81453322ffe,HASHED_PII
"88496 Cox Dam, Daviston, DE 20534",ADDRESS
1957-02-25,DOB
Canada,SAFE
"75300 Rebecca Village Suite 218, Lake Jenniferview, IN 60368",ADDRESS
2008-04-27,DOB
1939-02-02,DOB
Lisa Kennedy,NAME
1984-01-21,DOB
hknapp@alexander-brown.com,EMAIL
786-527-8585x49733,PHONE
Heather Ortiz,NAME
frazierjennifer@yahoo.com,EMAIL
charleslandry@hotmail.com,EMAIL
016-28-3114,SSN
Jennifer Rocha,NAME
4e1aeec4a63f7231662f83ccc356e36605137c29afa09b865c17ca1d992e3970,HASHED_PII
Christopher Powell,NAME
Michael Morton,NAME
jamesrobinson@gmail.com,EMAIL
"28772 Karen Islands, West Tara, NY 29691",ADDRESS
300-05-4504,SSN
Melissa Fernandez,NAME
e70599e3e6a72cbae595c6835bcef28b08530c116eeb26098bd227388d066c82,HASHED_PII
be7cf066adb5da5cb3dc2f25397dbc308dc26f32d1c833068bb015cd8e723187,HASHED_PII
456-557-4313x2912,PHONE
895-02-9627,SSN
clarence34@gmail.com,EMAIL
Alexandra Rogers,NAME
Lisa Johnson,NAME
Edward Craig,NAME
Lydia Pham,NAME
"38692 Gregory Ridge Suite 937, East Steven, NH 33967",ADDRESS
wcabrera@cannon.net,EMAIL
146-786-6912,PHONE
577c1872dc8e1c1b377a1ad483055bc7595ad36d1c60dd0624d7fdbb4f830421,HASHED_PII
a9cf33b9dfffb20df6fb519eb1b2fabe7d9cea6296b55b4b36f791af57f2e70b,HASHED_PII
Jesse Rogers,NAME
marianelson@horton.org,EMAIL
01e89b4a381ebff2563e97df420bfb4926ded5e2479862586fce7612990cc889,HASHED_PII
825-08-9341,SSN
Debra White,NAME
Jerry Watson,NAME
Laura Lloyd,NAME
Bryan Howard,NAME
"38367 Teresa Divide Suite 103, Haynesstad, WA 11629",ADDRESS
James Martin,NAME
kjones@graham.com,EMAIL
1939-09-28,DOB
"47735 Reynolds Springs Suite 194, Lake Charles, FL 50308",ADDRESS
f769cc29c8133ec17afffaea16edc7630cfeb13cf4c5504ea4d528ff083acd13,HASHED_PII
1969-09-18,DOB
fostermelissa@gmail.com,EMAIL
1958-06-21,DOB
1989-06-06,DOB
189-97-8814,SSN
1982-04-06,DOB
756-551-2567,PHONE
2022-03-13,DOB
No,SAFE
"2353 Hudson Gardens Suite 854, Levyfort, GA 96546",ADDRESS
815-46-2774,SSN
iwhite@bernard.com,EMAIL
76ffd2e7f1e4d68ca3d073303785f55c5b6b309b5559d528ba808ec9d7705f38,HASHED_PII
200.379.1769,PHONE
qharrington@hanson-sanders.com,EMAIL
connor24@stokes.com,EMAIL
(299)590-0109,PHONE
Male,SAFE
2000-11-14,DOB
gonzalezbeverly@yahoo.com,EMAIL
No,SAFE
222c43b15405035da5783130e8b195f5363e3d703430c1501ad3134a9b031af2,HASHED_PII
719-52-1351,SSN
48014a41e611aa2375636d83100bbe700e73998e7c517b79661063632b030921,HASHED_PII
310-75-9387,SSN
paulmiller@gmail.com,EMAIL
701c18b926292ed70053726da5858145b6eb2a05048c0d536394da258ad0d933,HASHED_PII
001-110-022-5579x4155,PHONE
b7b78694e2cf85b64ca02d26b4db77e158dd10eb92d52b45e2917f086cdebe0f,HASHED_PII
Yes,SAFE
12,SAFE
4695fb82092ae724bd143fafbf617ca8f903b960eb35bf3f301e21d364685194,HASHED_PII
"USCGC Rodriguez, FPO AA 31648",ADDRESS
b15633868dfd22672f21caee71177280f45ff5d46030b02cb4b0f984513ab5d4,HASHED_PII
b916ae013ae922c679445d205c85941e4725960df751d56556ad7efb116b90d7,HASHED_PII
"USNS Velasquez, FPO AA 03996",ADDRESS
Nathan Fuller,NAME
775-43-2186,SSN
646-02-4934,SSN
2024,SAFE
2024,SAFE
Kimberly Arroyo,NAME
Michael Anderson,NAME
2016-06-21,DOB
Male,SAFE
370-38-3580,SSN
vmerritt@yahoo.com,EMAIL
f3e71e51d6384ad8e6655e6668dac547ea90cd54cbb7c4b9c60353952c1adb11,HASHED_PII
dccad2702d50b4e6f8735dd9c9633f94b159294b794cc4813dce2e071f4bc534,HASHED_PII
"54152 Randy Inlet Apt. 611, East Thomasberg, IN 68585",ADDRESS
1940-01-26,DOB
769aa5d1df31c11c18a6d06d03935517d30a229049b9bce29adc4f52cebd9c8b,HASHED_PII
Michael Cruz,NAME
1990-08-02,DOB
669.296.6278x28274,PHONE
681-90-5870,SSN
870-728-6790,PHONE
2024-04-18,DOB
David Douglas Jr.,NAME
No,SAFE
564-83-6204,SSN
42dfca19cf8556f798b562160962617eb87812a00b7c5556a15f2459e423c4cd,HASHED_PII
Timothy Gilbert,NAME
"PSC 0957, Box 0154, APO AE 08093",ADDRESS
Donna Atkins,NAME
(708)668-8263,PHONE
"909 Robert Prairie, Sarahborough, VT 41681",ADDRESS
david49@davis.org,EMAIL
(524)140-6029x333,PHONE
022-98-4416,SSN
1999-03-21,DOB
smithashley@gmail.com,EMAIL
thomaspearson@white-richards.info,EMAIL
247-73-1291,SSN
Employed,SAFE
Unemployed,SAFE
Marilyn Wheeler,NAME
xhammond@yahoo.com,EMAIL
Laura Perez,NAME
541.212.6788x861,PHONE
697-57-0153,SSN
804-51-7716,SSN
(711)116-1528,PHONE
112-87-2693,SSN
6875dfe37fd08b4241defd8d722c7152085f0e8a2aaec23454347e4ce4b5c3a4,HASHED_PII
(489)638-3465,PHONE
christopher18@mccann.net,EMAIL
Alejandro Deleon,NAME
3f21bc787e1a61e8afb7785694faa027054427aa33b9ba411d26a23aca692a2a,HASHED_PII
(786)801-1280,PHONE
1921-11-05,DOB
Yes,SAFE
001-265-423-5116x15594,PHONE
2004-09-16,DOB
1935-08-27,DOB
Canada,SAFE
"1839 Gina Extension Apt. 444, Thomasburgh, KY 55695",ADDRESS
Mary Hill,NAME
1971-10-24,DOB
0dc2f1ca40e2ae8e2842570774027efec226dadab08f70c4f76ae90b8ee2d82a,HASHED_PII
1998-05-15,DOB
Male,SAFE
503.056.4139,PHONE
"9649 Chelsea Streets Apt. 334, East Johnside, GA 00851",ADDRESS
shaneramirez@gmail.com,EMAIL
2024,SAFE
12,SAFE
Cameron Parker,NAME
177.517.0166x088,PHONE
360-94-2420,SSN
No,SAFE
Employed,SAFE
554-262-2189,PHONE
Lindsey Hernandez,NAME
"1796 Johnson Land, South Sean, MN 13523",ADDRESS
649-91-6026,SSN
2015-09-13,DOB
"8911 Diane Knoll, Lake Cheyenne, SD 89298",ADDRESS
1990-06-04,DOB
"Unit 0533 Box 1586, DPO AP 98736",ADDRESS
"68018 Kevin Estates, Sarahbury, NC 37731",ADDRESS
f0a26a503dcfb4bf1aff4762dbc81a6ac34d5e30c788b1dfec107cdd1f86529f,HASHED_PII
Patricia Lamb,NAME
"10310 Jones Freeway, Elizabethborough, DC 95312",ADDRESS
001-244-204-3805x71983,PHONE
1955-07-07,DOB
"03354 Curtis Parkway, Garyton, LA 60260",ADDRESS
95041285cfa340bd1296f8774e78baf99ae1583fa8c030fdf16a6a0a71ed04cd,HASHED_PII
jessica11@atkinson.com,EMAIL
Samantha Morse,NAME
No,SAFE
Canada,SAFE
c9fdbf2b9ab0b9b648a23abafa1cc206a32dfc84c657d88f09807196a8c2e611,HASHED_PII
Employed,SAFE
349a7cd1bab33c5a2f7cd8f6faa4ba55054d1f67076714219bcd23ce1585a2ec,HASHED_PII
brobinson@simpson.com,EMAIL
Employed,SAFE
309-78-1418,SSN
Unemployed,SAFE
1986-05-21,DOB
Yes,SAFE
a6a9b99003159b67a3e985162a8ea43c54ee0f282cd3bf0183b62fe32406a708,HASHED_PII
865-780-9134x31611,PHONE
862.392.4075x81814,PHONE
820-39-9670,SSN
brian92@yahoo.com,EMAIL
smithjoshua@gmail.com,EMAIL
moorekaren@craig.info,EMAIL
1993-07-04,DOB
845-80-6507,SSN
4303054868,PHONE
redwards@gmail.com,EMAIL
Lisa Archer,NAME
315.851.4936x8998,PHONE
thorntonapril@hotmail.com,EMAIL
+1-135-346-5549x4717,PHONE
587-31-7804,SSN
rileyjessica@gmail.com,EMAIL
Employed,SAFE
"8271 Brenda Bridge Suite 300, Hunterhaven, MT 56019",ADDRESS
97caa66792a9ca2aab422ae3425eb4bb0bad2958e86d3b839abe070217653d7c,HASHED_PII
8470076617,PHONE
Benjamin Murray,NAME
+1-808-932-4609x539,PHONE
1e6a3bfe711db18bbaa44a634daa677608227f2572502e7685f913fdcd736b62,HASHED_PII
Yvonne Gonzalez,NAME
Victor Taylor,NAME
bradley60@frost.com,EMAIL
327-21-6439,SSN
1937-03-08,DOB
2024,SAFE
No,SAFE
2005-04-19,DOB
"310 Kendra Common Apt. 164, Reidstad, MN 47067",ADDRESS
0.85,SAFE
Employed,SAFE
1960-12-17,DOB
Employed,SAFE
003-236-5199,PHONE
Jennifer Norton,NAME
001-414-593-3272x795,PHONE
"7387 Alvarez Mill Suite 514, Port Jennifertown, MA 85431",ADDRESS
williamsfrank@gmail.com,EMAIL
16a95b6ae2c4901e233bf40c62b11a78a186db93b2ba2991e0ebecf8916e6b55,HASHED_PII
8e4fb344e6b9bed502e38e059647b0aea502e5cffdf901bdad238c33a0819b42,HASHED_PII
2207c5de17fece4c407c4614711b4499b516fda9da49c58f6d8bbaa9c79bdeca,HASHED_PII
morgantricia@bush-reynolds.com,EMAIL
Alexandria Ward,NAME
1914-03-05,DOB
(419)138-0003,PHONE
1984-04-05,DOB
"091 Jaclyn Cliffs, Sarahville, WY 90400",ADDRESS
Christopher Ferrell,NAME
419-58-9730,SSN
"39868 Brandon Dam Suite 787, New Patricia, MD 80857",ADDRESS
8698f5b3fac7c17d1bba5901dff470676acd37d41ffb9744b717c62f02ad9f14,HASHED_PII
Employed,SAFE
001-271-296-6667,PHONE
antonio44@hotmail.com,EMAIL
363-28-3067,SSN
batesjoseph@hotmail.com,EMAIL
1909-10-09,DOB
075-38-1104,SSN
681b1ba1bd0b7d1b60bad4b0a870f58e819e000d3b3bbfc0b7de5e2f5df646b5,HASHED_PII
andrewstaylor@peterson-sheppard.com,EMAIL
532.603.3230x9821,PHONE
2024,SAFE
+1-993-056-1648x4085,PHONE
lanejason@hotmail.com,EMAIL
ykane@yahoo.com,EMAIL
Denise Cruz,NAME
"19986 Carpenter Turnpike Apt. 793, Cassidyhaven, AR 59551",ADDRESS
d6428715458e83b3b7246c72c3f68615b19839c89abf79945c3749f6a457955e,HASHED_PII
"3982 Joshua Turnpike, Morganhaven, AL 37573",ADDRESS
+1-226-609-3796x6033,PHONE
Cassidy Horne,NAME
manuel15@phillips.com,EMAIL
vjohnson@patton-jenkins.com,EMAIL
(231)491-3577x594,PHONE
jennifer50@hernandez.com,EMAIL
1948-07-05,DOB
Donna Reed,NAME
2015-05-02,DOB
+1-679-764-3815x61497,PHONE
1920-06-15,DOB
"USNS Bonilla, FPO AP 70389",ADDRESS
283.268.4245x0882,PHONE
1926-07-16,DOB
e51b1a53456fa09d9aa426d0d6b6e996e0252c1de48619e44d567836bebef2dd,HASHED_PII
175-49-2637,SSN
820-38-8974,SSN
wtran@yahoo.com,EMAIL
Female,SAFE
fd0f68a27702b491e58d87c757c559e1be88d6071799d20b8c5b800319d67d27,HASHED_PII
Male,SAFE
susanwells@hotmail.com,EMAIL
12905002eabb56e4713c4ff1d72fc3f4c56b8b3f1f8cfd3d77c02cdc78888678,HASHED_PII
"71551 Vance Vista Apt. 258, North Tracie, DC 31530",ADDRESS
alvarezkimberly@wheeler.org,EMAIL
2004-12-31,DOB
(670)106-5133x38726,PHONE
Brenda Lawson,NAME
"4666 Brandy Ports Apt. 538, Knoxstad, ME 22781",ADDRESS
001-855-744-4313x5182,PHONE
Unemployed,SAFE
815-51-1295,SSN
woodkelly@yahoo.com,EMAIL
001-272-980-6990x1627,PHONE
447-94-9708,SSN
478-872-8743x15274,PHONE
Spencer Haynes,NAME
Canada,SAFE
420-84-2530,SSN
2008-09-25,DOB
tanner82@hotmail.com,EMAIL
"8516 Jack Dam Suite 530, Patrickmouth, KY 43705",ADDRESS
Canada,SAFE
1969-02-17,DOB
293-55-9106,SSN
307-62-1261,SSN
3c8b2b71926ae21b627f86f664d5a49665a9ecfebce4d11409f543376d044d13,HASHED_PII
(652)704-7743x490,PHONE
104-77-0551,SSN
Unemployed,SAFE
1972-11-23,DOB
9a00d5e9f2734050af64cead1c83da0f79cd6872d2c92818a6e2f16bc58db21f,HASHED_PII
"USCGC Parrish, FPO AP 07244",ADDRESS
59e587de9e30c304b49c4c07e92e414bc452758a1ffa4d59c565a06a2b460cab,HASHED_PII
seanwashington@yahoo.com,EMAIL
Female,SAFE
308-96-7260,SSN
William Jones,NAME
Joshua Beck,NAME
f9efd23ce9fc40ca0e386268542441bf2d351f86573295b73a65cbb234c507a5,HASHED_PII
"648 Kim Rapid Apt. 659, Anthonybury, OK 77456",ADDRESS
209-35-8999,SSN
Jason Macias,NAME
Jose Guerra,NAME
Female,SAFE
"8087 Brown Path, Cindyfort, NV 07265",ADDRESS
"8842 Martinez Tunnel Suite 105, Nelsonland, VT 76083",ADDRESS
588-18-8675,SSN
2011-07-27,DOB
746-67-9771,SSN
008-81-1073,SSN
michellecoleman@harris.biz,EMAIL
360-55-5153,SSN
382-63-9733,SSN
ibarron@yahoo.com,EMAIL
1982-02-20,DOB
Suzanne Johnson,NAME
william88@yahoo.com,EMAIL
f1611a1d7eaab360b430fef95e59dd5ae9b6e4c0a596c5af572777705173def4,HASHED_PII
Employed,SAFE
2014-03-16,DOB
1950-10-31,DOB
326-79-3620,SSN
106-44-1382,SSN
1952-03-02,DOB
4f325af44776a6c040cd6223043ecca19ef1d908d4059a98588acca083493fb9,HASHED_PII
Male,SAFE
752-45-6533,SSN
8a4c8d69ec5d5cb171e01495bbff421caa4268461867b1c3f3ca44005e578d4f,HASHED_PII
12,SAFE
srocha@padilla.com,EMAIL
zachary15@owens.info,EMAIL
"68222 Christina Glen Apt. 129, Port Karenside, SD 72546",ADDRESS
qedwards@yahoo.com,EMAIL
485-807-8361,PHONE
"Unit 9380 Box 6868, DPO AP 62737",ADDRESS
Unemployed,SAFE
"5265 Navarro Roads, Faulknerbury, MS 37240",ADDRESS
807-64-3053,SSN
Vickie Wise,NAME
"PSC 9731, Box 1219, APO AP 50836",ADDRESS
856-25-6027,SSN
"4629 Kyle Lane, Lisahaven, SD 88379",ADDRESS
001-614-933-1637x351,PHONE
sean20@hotmail.com,EMAIL
"70534 Colon Parkways, Reidville, AK 32212",ADDRESS
87629db8e8709191819fddb18fe46e5bed11d6e2819a757480e139dfa3945378,HASHED_PII
brianbrown@yahoo.com,EMAIL
2005-07-04,DOB
No,SAFE
001-461-200-4711x382,PHONE
"46990 Jacob Trace, South Jason, MA 40240",ADDRESS
(466)590-5151x864,PHONE
e42e03a9f990dacb9d2c4c716e20631048348e8b78ece491fd214b66da327ae7,HASHED_PII
Yes,SAFE
Jennifer Olson,NAME
"65180 Valerie Mountains, West Robertberg, SD 96090",ADDRESS
308.330.1657,PHONE
Amber Flynn,NAME
Melissa Mcfarland,NAME
2024,SAFE
perryeddie@hotmail.com,EMAIL
Larry Austin,NAME
Employed,SAFE
1980-12-16,DOB
837-51-5981,SSN
892-975-0017x01277,PHONE
Employed,SAFE
808b4037aa0e0d9f2e8e1e97b9f60f1cb46cc02fab7a24baf9d877a5a3ea6171,HASHED_PII
Unemployed,SAFE
"5379 Goodwin Tunnel, Youngbury, WY 61975",ADDRESS
"65307 Prince Brooks Suite 444, Garrisonville, IN 18115",ADDRESS
Anthony Howard,NAME
wrightsamuel@warren-bishop.com,EMAIL
Michael Cooper,NAME
1954-06-13,DOB
Rhonda Benjamin,NAME
154-22-5376,SSN
585-74-7745,SSN
6064f6d84bcd1b0137ba6d33498ca6d0bc05726d1bd0f26ffefa02ef4a44c60a,HASHED_PII
limorgan@ward-rhodes.biz,EMAIL
sandersjames@gmail.com,EMAIL
"5876 Jamie Manor Suite 909, Woodsstad, WV 51617",ADDRESS
1994-09-20,DOB
001-889-937-5679x8250,PHONE
001-346-547-2269x84858,PHONE
melissa14@yahoo.com,EMAIL
"8876 Perry Ville, Burnsland, AK 29406",ADDRESS
0.85,SAFE
"64525 Ford Knolls, Tonyville, SD 80012",ADDRESS
683-02-7623,SSN
001-261-891-4117x393,PHONE
"4089 Connie Meadow Suite 056, Heatherchester, ME 49844",ADDRESS
001-937-597-3832x0603,PHONE
1956-08-13,DOB
+1-934-768-7014x626,PHONE
Employed,SAFE
1978-07-19,DOB
dfd846d55c3af7dc10350d1d65e050a83b8e7245914a9fe1a9f41fea9f605289,HASHED_PII
483-04-9199,SSN
f61ccfcd02b95c3e48555c0a1d4028de702fc774dd372735c32cbc2e2de0744c,HASHED_PII
0.85,SAFE
662-54-6136,SSN
1933-01-17,DOB
Lisa Rowe,NAME
vtaylor@young.com,EMAIL
Jonathon Knapp,NAME
Joshua Hickman,NAME
663-52-5433,SSN
4c65d897bf62f6495f85cf257032727e2209701c19a45cdacdb60369dc32afe9,HASHED_PII
mbarnes@hotmail.com,EMAIL
"84210 Alexis Turnpike, New Mario, KS 07369",ADDRESS
Alex Scott,NAME
christopher86@gmail.com,EMAIL
2025-02-20,DOB
1964-09-28,DOB
610-41-7252,SSN
amandasanchez@gray-mayo.net,EMAIL
130-95-6898,SSN
871-41-0257,SSN
"3287 Angela Vista, South Dennismouth, NC 73760",ADDRESS
Female,SAFE
1967-02-01,DOB
"1070 Sandra Meadows, Crawfordfurt, NE 23151",ADDRESS
"408 Drake Fall Apt. 182, East Christine, MI 35539",ADDRESS
1946-12-18,DOB
brittanygardner@saunders.com,EMAIL
Unemployed,SAFE
Female,SAFE
12,SAFE
027-868-1447,PHONE
1929-12-18,DOB
No,SAFE
"1168 Neal Wells Suite 775, Port Kimland, NH 83710",ADDRESS
a1f497c0bd7e02d77de6ff46b8d0142d00d694de5abbaffe5ecbaab31fccafd5,HASHED_PII
"9327 Lauren Bypass, Andrewview, CA 45302",ADDRESS
647-436-7136x9594,PHONE
lisa62@jones-reyes.com,EMAIL
"212 Tina Vista Apt. 169, Phammouth, RI 50275",ADDRESS
Employed,SAFE
584.168.7849,PHONE
130-61-1875,SSN
12,SAFE
gary79@barton.org,EMAIL
djames@king.com,EMAIL
1945-02-17,DOB
"9731 Jamie Route, Tiffanyfort, DE 40917",ADDRESS
Unemployed,SAFE
416.724.3426x617,PHONE
michael10@yahoo.com,EMAIL
"743 Robinson Field, Ericaberg, CT 82743",ADDRESS
001-248-086-1317x127,PHONE
"32677 Michelle Circle, South Aaron, KS 60139",ADDRESS
"43524 Jean Crossroad, Brandonton, LA 91912",ADDRESS
Joseph Jenkins,NAME
Yes,SAFE
001-185-156-9154x52267,PHONE
maguirre@davis.com,EMAIL
Krista Gibson,NAME
989.921.7223x32061,PHONE
Lisa Torres,NAME
Jake Smith,NAME
+1-006-231-2038x75099,PHONE
karenmarquez@hickman-evans.org,EMAIL
4f9fd54e17ac4c808b4ebb5a48b971f1fbbff880659560f0782c365655aebbc4,HASHED_PII
kyle35@lee-cooke.com,EMAIL
116.719.0229x4131,PHONE
210.469.6325,PHONE
Richard Lindsey,NAME
001-805-009-7882,PHONE
425-07-6496,SSN
0bcb06dcb3dbb059ac27b857a62e647bb4931de83bd15ced6f24d001c525e1c2,HASHED_PII
5c3fd4cf51309ce5e28cf4e8f596e74fa1691ef18e5feb036ce583c442f2ce47,HASHED_PII
stephen10@howell-hart.com,EMAIL
Mr. Matthew Flores,NAME
"5037 Castro River Suite 571, Port Donnatown, MI 83556",ADDRESS
494-812-6042x2325,PHONE
8993588916,PHONE
Raymond Kramer,NAME
Yes,SAFE
Unemployed,SAFE
David Conley,NAME
35f25f34474a065f1dbbacd37d528d50400f669662eb6ee246fd95188b3a9389,HASHED_PII
Male,SAFE
001-241-904-9663x19314,PHONE
ed0aa983aab16ce0eb932b9b587fcc90325a941a1a1383b993475b7bb3da8627,HASHED_PII
14c13e9b9ce9fddb6a6226a5e7ec15c79c9bac500f0ff115fa754046ad84f70c,HASHED_PII
1961-02-17,DOB
"1708 Zoe Keys Apt. 100, East Mary, FL 31767",ADDRESS
"1566 Kline Lights Suite 277, Sandrahaven, CO 95801",ADDRESS
Valerie Gray,NAME
1920-07-27,DOB
001-757-059-6401x658,PHONE
06243d2ade218d94981c18bdaadd270dd6997a8db12ffdc38aa4840023d8a919,HASHED_PII
terrigarcia@hotmail.com,EMAIL
309-16-0783,SSN
"3454 Rebecca Corners Apt. 802, Khanburgh, AZ 52535",ADDRESS
"681 Harrell Summit Suite 352, New Cynthiahaven, ID 46294",ADDRESS
Canada,SAFE
001-947-055-1694x097,PHONE
171-545-4443x2830,PHONE
001-969-308-4887,PHONE
196754fe68501f8858f317e97468d7075a67004ac3b720b3c0d426b68252de62,HASHED_PII
Sara Hernandez,NAME
d48346b1abe2a3a4f254846c0527d767b4a1aa75c3af3aa64c1a0511f69197d1,HASHED_PII
119-50-9447,SSN
b0d376733f85f8f1148b175c9fc80a633ecdf3eba0165e1ace7b844b76776eb1,HASHED_PII
712.406.5965,PHONE
1984-06-30,DOB
"850 Natalie Green Apt. 940, New Ryanmouth, PA 67534",ADDRESS
694-39-4263,SSN
sheryl79@hotmail.com,EMAIL
435-11-7056,SSN
98f9e30d2c8268c343c272200907a874c4cc80246c698bf051ed8c5ec713a34c,HASHED_PII
825-128-6823,PHONE
1957-03-01,DOB
chensley@smith-morse.com,EMAIL
001-43-3301,SSN
1990-06-23,DOB
434-66-5929,SSN
810-64-0431,SSN
Canada,SAFE
"4112 Mckenzie Square Apt. 352, Lake Johnstad, NY 06917",ADDRESS
001-467-854-4587x71753,PHONE
174-85-1390,SSN
Angela Morton,NAME
Canada,SAFE
Female,SAFE
"36783 Brewer Overpass, Mcguireland, IN 53506",ADDRESS
830.284.3959,PHONE
William Brown,NAME
Employed,SAFE
815c22eb58179a4a7c399df6467a14966a1c57e3dc5b1f9037b2f5aabd8f980f,HASHED_PII
5b35c8f0545ecc6cafb3c394bb7d27454ee23e10043eee4d630dde229b480674,HASHED_PII
"8044 Russell Prairie Suite 777, New Thomas, WY 96964",ADDRESS
Katherine Ray,NAME
ee9ed2d6731a8d0b0e4c1c99b970f30d797287f75cd0987aec3e1d1159bf7ca1,HASHED_PII
"6658 Alexander Glen, New Misty, NV 30064",ADDRESS
7708b9cb70bdcd9ad84739da1a7ffff595c18c868d672de5d7a5c1fcfa4550a5,HASHED_PII
"1339 Callahan Ridge, Martinberg, IL 27625",ADDRESS
Angelica Guerra,NAME
1932-04-25,DOB
1965-09-15,DOB
"124 Pamela Summit Apt. 449, Lake Matthew, SC 35101",ADDRESS
1927-11-02,DOB
jessica91@gmail.com,EMAIL
643-10-8129,SSN
2017-07-17,DOB
christianwallace@hotmail.com,EMAIL
fdd8065231f366e025dc093ba4fd076c7043d667a3a844144e972b37fe2b8df5,HASHED_PII
12,SAFE
"460 Derrick Flats Suite 697, West Michelle, WI 11093",ADDRESS
04d18e4ca07b983e633d0925a7dd348ee159e9ef36770ceffe61f438176b9045,HASHED_PII
"71478 Harper Ridge Suite 915, Meganburgh, TX 93036",ADDRESS
2012-08-26,DOB
1936-09-06,DOB
nfowler@brown-copeland.info,EMAIL
1961-10-17,DOB
f9140e3917fe93bfad485bfca458b1496284770dc44d3cfa076bb7f08fa1b31a,HASHED_PII
Male,SAFE
"819 Johnson Course, East William, OH 26563",ADDRESS
desiree30@wilson.net,EMAIL
Roberta Hughes,NAME
1935-11-03,DOB
"75243 Antonio Shore, Mendeztown, IL 09320",ADDRESS
"9847 Garcia Squares Apt. 836, Beasleychester, NH 52763",ADDRESS
andrearivera@mullen-hall.biz,EMAIL
Mary Becker,NAME
2024,SAFE
"0289 Kane Well, Garciamouth, VA 19395",ADDRESS
"44510 Burgess Extensions, South Amanda, NY 73734",ADDRESS
Yes,SAFE
Yes,SAFE
2004-11-01,DOB
245-34-6485,SSN
367.850.8214x862,PHONE
336-12-9062,SSN
968.562.1850,PHONE
(615)951-4846x564,PHONE
Unemployed,SAFE
1950-04-02,DOB
2007-07-13,DOB
662-06-5062,SSN
Jerry Sullivan,NAME
Female,SAFE
729-82-2528,SSN
1999-06-12,DOB
298c2109fd91a5a2a599d01dfcfadf7512f529b72d29e0d6353ef87f63271686,HASHED_PII
deborahreid@yahoo.com,EMAIL
2cf37e3093139be755683081cb757967e0f2ed6d699ee33d055ca45d642971d9,HASHED_PII
No,SAFE
868-14-7061,SSN
sanchezbradley@yahoo.com,EMAIL
e688a9c3e7611daee2ee53feb3240aca8af36e92aada19c1201a785b96885a16,HASHED_PII
brobinson@johnson-rogers.biz,EMAIL
No,SAFE
63743c01f4d9e2488e58dc64cf35a0af4529b66b7be1bc04e05edf6e6eb88849,HASHED_PII
melissaturner@hotmail.com,EMAIL
304-34-7607,SSN
"962 Anthony Squares, East Andrewmouth, FL 54628",ADDRESS
1911-08-22,DOB
874-54-8819,SSN
David Benson,NAME
"516 Joseph Crossing Suite 549, Carsonstad, TX 31148",ADDRESS
Eric Thomas,NAME
"29034 Marquez Station Suite 665, Kingmouth, TX 68742",ADDRESS
Tamara Davis,NAME
smithjonathan@hotmail.com,EMAIL
9498453af88ef9b709d11960934b8a994e84c80b4a7c37ace846e54b4800fb95,HASHED_PII
Austin Orr,NAME
Male,SAFE
1931-03-11,DOB
426-94-1558,SSN
No,SAFE
5152204727,PHONE
854-86-5803,SSN
4b63bd5ae1e4dec48ea8583a19728f1acf4e5eebfed5bc704e6a2fcc7ec598da,HASHED_PII
500-43-2898,SSN
"3647 Haley Estate Suite 677, West Catherine, VT 42354",ADDRESS
Danny Morgan,NAME
216-073-3754x330,PHONE
"0229 Jones Streets Apt. 183, Barnesmouth, MN 41347",ADDRESS
waltersmaria@smith.com,EMAIL
ec391abfe126b8f94f35cdb3b6f6087425d0af02b5e32d5682fbc1a39996f1df,HASHED_PII
Benjamin Ayala,NAME
No,SAFE
1999-12-01,DOB
1953-03-20,DOB
739-42-9300,SSN
Unemployed,SAFE
"378 Thompson Camp, North Jessebury, NC 63151",ADDRESS
+1-845-146-2704x82814,PHONE
"0168 Levy Forge Suite 004, Harperfort, ND 01572",ADDRESS
f7417ac648b3160f11695884f5577f7f36a297ffdfa3621fd6e8c19e87009bd7,HASHED_PII
fe84b570edca49b6f59ce55d947b2979ec64fc18c747d788da74874c035b6fb5,HASHED_PII
997.995.5271x774,PHONE
709-32-5017,SSN
ceac869a11ebe2f4b70c7b62000ec7101a99d2af51f77ce573232faf4f1f23b8,HASHED_PII
1997-10-29,DOB
Ryan Newman,NAME
1970-09-04,DOB
2013-10-30,DOB
Yes,SAFE
25af83f36ef7630ec063ba6786d68547548baf17f2c92ae0652d4029c79144b5,HASHED_PII
2024,SAFE
139.005.3293x183,PHONE
Female,SAFE
Erica Hernandez,NAME
1944-11-08,DOB
+1-620-153-3688x444,PHONE
joshuamiller@burke.com,EMAIL
Employed,SAFE
1999-09-10,DOB
"53654 Ashley Crest Apt. 238, South Caseymouth, LA 41224",ADDRESS
105b0f8a35bd463a82728ccbe94dc159a18f73eb7c052e2d257ca1acfd3f706b,HASHED_PII
861-85-9147,SSN
130-82-8043,SSN
Kevin Wolf,NAME
1952-06-07,DOB
b618337b593f7ba3d08cc9c551006b2b185fc4c9e1043577f75a629e318a8d60,HASHED_PII
1982-06-07,DOB
12,SAFE
Jamie Adkins,NAME
cranemelissa@adkins.com,EMAIL
d97e359140f2dde2860ca9dd21eafad93ec98de95f4c5dad40ad3795be9b22db,HASHED_PII
518-63-4115,SSN
001-696-641-6052,PHONE
"35569 Cassie Springs, Rushstad, WV 10578",ADDRESS
263-96-7850,SSN
(064)842-2940x5720,PHONE
643-21-6917,SSN
lawrenceallen@white.com,EMAIL
867-11-4106,SSN
+1-157-043-3154x1006,PHONE
Allison Hill,NAME
2024,SAFE
Barbara Zimmerman,NAME
+1-867-533-9636,PHONE
153010eec0833d2f6110f468a2f61b3c9fd7f4e451a6785818a42992584c00c8,HASHED_PII
qjames@gmail.com,EMAIL
703-48-8921,SSN
0.85,SAFE
"851 Hart Prairie, Craigside, NE 02174",ADDRESS
dc256c058099075287fbe7e809a6a8e41cbf04407b05d44d9c3ccb7ccf761a3d,HASHED_PII
1915-11-14,DOB
Lori Flowers MD,NAME
xlyons@jackson-lawson.com,EMAIL
0.85,SAFE
5c74c8330cddb0af79b6d1634619a34f2e1531ddd868bc6faa5f640e15e51a8e,HASHED_PII
Shaun Johnson,NAME
084-36-2294,SSN
Megan Martinez,NAME
397-85-9840,SSN
734-84-8929,SSN
Kyle Nguyen,NAME
1973-08-19,DOB
410.166.6870,PHONE
amy27@mendoza.info,EMAIL
"85067 Ryan Lake Suite 262, Christinaside, NJ 61432",ADDRESS
jessica65@morales.net,EMAIL
Carrie Golden,NAME
1931-11-22,DOB
691-463-0316x17990,PHONE
"100 Robert Light, New Johnnyberg, UT 90382",ADDRESS
799.650.7527,PHONE
"0808 Roberson Orchard, Lake Beth, DC 14074",ADDRESS
1952-06-04,DOB
215-86-4375,SSN
8b8d4a32fecb94f1b124f839c673e1aef371d8357f03932c803830d72273f2a1,HASHED_PII
1914-06-25,DOB
+1-438-983-6403x76137,PHONE
No,SAFE
0.85,SAFE
0adedec6536ef68b7bb873795c1162f3e82b97e63dc943c745692c5e6706de06,HASHED_PII
"785 Samantha Creek, Port Amyhaven, OK 70842",ADDRESS
2017-09-18,DOB
"4422 Stacy Ports, Rosalesshire, HI 79457",ADDRESS
Connie Thomas,NAME
Shawn Scott,NAME
744-39-9617,SSN
"PSC 1168, Box 6854, APO AP 60552",ADDRESS
samuel71@dudley.com,EMAIL
William Patton,NAME
Andrea Jones,NAME
+1-120-750-1102x4819,PHONE
434.873.4714x345,PHONE
1910-09-01,DOB
1945-12-08,DOB
134.936.1832x421,PHONE
Meagan Jenkins,NAME
"7584 Martinez Springs Suite 652, Bobbyland, NV 86480",ADDRESS
Julie Ball,NAME
480.396.5223,PHONE
15064106f52a34a55ef2bd1f544a3a9fce326c850041a03e259066ee69f2dfe5,HASHED_PII
715764fdc3c134f8f1ca195ded17a40a9b1897a9390d22f30f83d70042d3eae5,HASHED_PII
wilsonmichael@gmail.com,EMAIL
418-880-5929,PHONE
2024,SAFE
2f8b940159a5e4fdda44e66d253bda69a9c11494e0ba5f072a0ad03f389609bf,HASHED_PII
"58328 Kristie Estate Suite 886, West Jeffreyborough, MA 43894",ADDRESS
thomasjames@hernandez.info,EMAIL
